country;Region;inflation;lCO2;lGDPc;GDP.growth;internet;lagv
Afghanistan;AS;10,20166014;-0,855049583;6,433550283;6,113685169;5;3,238970191
Albania;EU;3,450347153;0,474392553;8,397916741;2,550000005;49;3,089137192
Algeria;AF;4,521764663;1,198770664;8,602894439;2,9;14;2,26335541
Antigua and Barbuda;AM;3,456749672;1,761953715;9,458593352;-1,793435604;52;1,185443178
Argentina;AM;9,465686275;1,517771758;9,502481257;8,386451456;51;2,139179242
Armenia;AS;7,651233638;0,513815304;8,136568539;4,699999999;32;3,170333084
Australia;OC;3,303850156;2,804523941;11,03837627;2,379561336;79,48769771;1,243118552
Austria;EU;3,266938912;2,050268031;10,84200075;2,807999932;78,7399931;0,959706939
Azerbaijan;AS;7,850450579;1,294008868;8,880403505;0,065922768;50;1,855274606
Bahamas, The;AM;3,198781417;1,648628629;9,976500935;0,612902596;65;1,205094589
Bahrain;AS;-0,36444775;2,887441347;10,00958983;2,100184109;76,9999665;0,253223982
Bangladesh;AS;10,7048046;-0,988815281;6,731671588;6,46438388;4,5;2,929227407
Barbados;AM;9,432202402;1,719220607;9,650586499;0,72859745;67;0,842302779
Belarus;EU;53,22869831;1,899493725;8,749220947;5,543711461;39,64889566;2,345351471
Belgium;EU;3,532082107;2,180349468;10,77268263;1,796837889;81,609996;0,54156452
Belize;AM;-3,648143303;0,513364978;8,415433525;2,102218515;30,7;2,648586441
Benin;AF;2,71280052;-0,673418623;6,683405449;2,962750351;4,148323066;3,282352745
Bhutan;AS;8,848985699;-0,266304713;7,81834461;7,890913893;21;2,896769149
Bolivia;AM;9,812689841;0,46969048;7,773889203;5,204092718;30;2,603754914
Botswana;AF;8,458165875;0,84300796;8,923304878;6,048316367;8;1,31276288
Brazil;AM;6,636198657;0,784537672;9,475709475;3,910255348;45,69;1,810136474
Brunei Darussalam;AS;2,015934385;3,194255758;10,64034108;3,429818477;56;0,487479122
Bulgaria;EU;4,219903466;1,904251869;8,955453268;1,583973961;47,97999305;1,840436679
Burkina Faso;AF;2,759767249;-2,120425551;6,50100051;6,521769448;3;3,550917478
Burundi;AF;9,735019199;-3,846707002;5,483195999;4,191625681;1,11;3,722009074
Cabo Verde;AF;4,473883422;-0,151914843;8,233798357;3,968783812;32;2,179646098
Cambodia;AS;5,478587304;-1,177418019;6,778956947;7,069569946;3,1;3,629231545
Cameroon;AF;2,939699463;-1,316425846;7,138013184;4,140591847;5;3,201577118
Canada;AM;2,912135089;2,648711533;10,86060974;3,141219001;83;0,998361991
Central African Republic;AF;1,300569969;-2,762593821;6,191047396;3,300739707;2,2;4,023064507
Chad;AF;-3,704295704;-3,127427083;6,896131139;0,082869798;1,9;3,991001024
Chile;AM;3,340318008;1,529625011;9,587554864;5,839640583;52,24960729;1,522417823
China;AS;5,410850058;1,903643956;8,625901773;9,484506202;38,3;2,354548617
Colombia;AM;3,411616121;0,445089008;8,885685945;6,589511516;40,35091575;2,060367934
Comoros;AF;1,771363774;-1,513067055;6,672751795;2,600000088;5,5;3,705633621
Congo, Dem. Rep.;AF;15,31651591;-2,989696773;5,858706153;6,864630026;1,2;3,220513942
Congo, Rep.;AF;1,325757664;-0,619713876;8,147062764;3,42062127;5,6;1,477760245
Costa Rica;AM;4,883012481;0,533550152;9,100936142;4,517746474;39,212196;2,001465021
Cote d'Ivoire;AF;4,912433951;-1,161942891;7,116286861;-4,387254788;2,9;3,321102012
Croatia;EU;2,272727273;1,568934619;9,584808506;-0,281262662;57,78997899;1,734886603
Cyprus;EU;3,289449396;1,90737361;10,36837246;0,404392546;56,85989235;1,222553119
Czech Republic;EU;1,936389149;2,344790591;9,983081302;1,966612632;70,49;1,226662741
Denmark;EU;2,758682261;1,980770921;11,02360137;1,152142525;89,81001339;0,929582318
Dominica;AM;2,387630979;0,557408534;8,856996079;0;51,3135;2,771870524
Dominican Republic;AM;8,46016881;0,780657882;8,669123631;2,820884489;38;1,972202254
Ecuador;AM;4,474553859;0,856123395;8,560899517;7,868140919;31,36680836;2,392872992
Egypt, Arab Rep.;AF;10,0539169;0,96892691;7,94330953;1,816646644;25,6;2,741937622
El Salvador;AM;5,128923767;0,098938657;8,248356056;2,21683561;18,9;2,603685542
Estonia;EU;4,977614784;2,642614034;9,76731002;7,583125148;76,5;1,585347179
Ethiopia;AF;33,22421525;-2,477615892;5,873775546;11,17829624;1,1;3,821432215
Fiji;OC;7,286544479;0,354040751;8,378372253;-3,050276112;28;2,474133945
Finland;EU;3,416809034;2,318856601;10,83540682;2,570817745;88,70999491;1,315716858
France;EU;2,117486809;1,645778217;10,68755976;2,079229175;77,81999899;1,044056026
Gabon;AF;1,269343222;0,349364311;9,35272038;7,091753343;8;1,555485599
Gambia, The;AF;4,796484979;-1,42255006;6,248012419;-4,328668868;10,8703;3,242808729
Georgia;EU;8,542933333;0,716324373;8,222839103;7,221523093;31,52;2,286798133
Germany;EU;2,075172931;2,188052963;10,73500617;3,660000155;81,26999954;0,60012011
Ghana;AF;8,726836831;-0,905400749;7,369720986;14,04600263;9;3,296672132
Greece;EU;3,329870174;2,023997419;10,16256494;-9,132494153;51,64999517;1,472053891
Grenada;AM;3,033472803;0,878853599;8,910688423;0,764825341;30;1,821930728
Guatemala;AM;6,215341763;-0,290278699;8,06040815;4,162048946;12,3;2,550905511
Guinea;AF;21,35046642;-1,472185967;6,104326582;3,90876145;1,3;3,138128319
Guinea-Bissau;AF;5,046102263;-1,91861139;6,493128485;9,334094819;2,672;3,859101283
Guyana;AM;4,977735637;0,857695911;8,134095625;5,437126058;31;2,977832405
Honduras;AM;6,762279573;0,098708991;7,750940601;3,835690662;15,9;2,791116098
Hong Kong SAR, China;AS;5,263157895;1,739635749;10,46716616;4,814675724;72,2;0,049376424
Hungary;EU;3,920735315;1,581653461;9,549150891;1,757501673;68,01998789;1,728478654
Iceland;EU;3,990412645;1,774414745;10,73576373;1,98812081;94,8196868;2,166119556
India;AS;8,857845297;0,50854712;7,283219342;6,63835345;10,07;2,971732002
Indonesia;AS;5,357499604;0,834551679;8,201831994;6,169784208;12,28;2,674995675
Iran, Islamic Rep.;AS;20,62833206;2,054398708;8,971383038;3,749690486;19;1,928491363
Ireland;EU;2,578870455;2,06442426;10,87480458;2,588084299;74,88997297;0,888598783
Italy;EU;2,741438213;1,902489187;10,55404817;0,57662466;54,3899983;1,131471359
Jamaica;AM;7,529692443;1,05523693;8,581570642;1,723211104;37,43861341;2,024350839
Japan;AS;-0,283333333;2,229135983;10,74138362;-0,454282297;79,05411352;0,768697034
Jordan;AS;4,158333333;1,191654724;8,358449954;2,560808799;34,9;1,46466028
Kazakhstan;AS;8,348569186;2,760648821;9,401182761;7,2;50,6;1,867751175
Kenya;AF;14,0215499;-1,116056037;6,920552813;6,11161346;28;3,410284968
Korea, Rep.;AS;4;2,471547552;10,09228103;3,681704667;83,75912015;1,257594311
Kuwait;AS;4,905335628;3,335864296;10,76956615;9,628436082;65,76907069;0,341444421
Kyrgyz Republic;AS;16,49588472;0,18198119;7,024545082;5,956274377;17,5;2,976782145
Lao PDR;AS;7,576924053;-1,66648189;7,170872799;8,038652681;9;3,418230724
Latvia;EU;4,401154401;1,331521715;9,531061334;6,211500744;69,74995456;1,582511008
Lesotho;AF;5,024816566;0,079060325;7,12383853;4,04854461;4,2248;2,253112389
Lithuania;EU;4,133333333;1,512389095;9,572703759;6,044910029;63,6399774;1,580942992
Luxembourg;EU;3,409795876;3,03964445;11,63726086;2,565685444;90,02985856;0,248607913
Macao SAR, China;AS;5,801242236;0,757557991;11,11468832;21,67259965;60,20369672;0
Macedonia, FYR;EU;3,904754221;1,508337231;8,533059076;2,339892284;56,7;2,473862925
Madagascar;AF;9,482540486;-2,180431131;6,123214714;1,454392168;1,9;3,379915024
Malawi;AF;7,622822628;-2,535381526;6,264638901;4,854055109;3,33;3,473457789
Malaysia;AS;3,2;2,066713834;9,252226381;5,293784657;61;2,521989914
Maldives;AS;12,82983393;1,074238966;8,77918053;8,70933893;34;1,633594324
Mali;AF;2,855534106;-2,52627406;6,721244035;7,749889395;2,2;3,652993547
Mauritania;AF;5,642433453;-0,466449212;7,246132221;4,704066531;4,5;2,958105212
Mauritius;AF;6,531353547;1,140096725;9,103270593;3,889883083;34,95;1,524756655
Mexico;AM;3,407379617;1,354831457;9,182997722;4,044613879;37,17629541;1,470679832
Moldova;EU;7,610607209;0,335630306;7,586078816;6,414350738;38;2,7575561
Mongolia;AS;9,484093293;1,933714155;8,235607577;17,29077735;12,49999111;2,548636874
Montenegro;EU;3,450143112;1,422034887;8,898194102;3,228451021;35,61154125;2,364182313
Morocco;AF;0,92236032;0,552686433;8,028293155;5,245697297;46,1074826;2,724253604
Mozambique;AF;10,35113257;-2,031110108;6,263191485;7,117606632;4,3;3,3864295
Namibia;AF;5,005595181;0,214434125;8,619680312;5,091338198;12;2,292973514
Nepal;AS;9,271714177;-1,835871528;6,545181828;3,421828241;9;3,671184559
Netherlands;EU;2,341070178;2,309013361;10,88813342;1,663626344;91,41999576;0,983231083
New Zealand;OC;4,432943294;1,963476506;10,55650769;2,69189097;81,23;2,060835368
Nicaragua;AM;8,082672658;-0,170145639;7,42639918;6,231594567;10,6;3,087725587
Niger;AF;2,94238514;-2,477436488;5,935424601;2,31140022;1,3;3,669969746
Nigeria;AF;10,84079259;-0,620831058;7,829689505;4,887386611;28,43;3,147989673
North America;AM;3,034488329;2,817330222;10,82011742;1,749546391;71,04254959;0,874644652
Norway;EU;1,300970874;2,21842917;11,51866016;0,96877971;93,48998265;0,917862874
Oman;AF;4,070057342;3,005875384;9,960072768;-1,091025209;48;0,813436664
Pakistan;AS;11,91676947;-0,060630301;7,115432178;2,74840255;9;3,296750691
Panama;AM;5,875802437;0,965186126;9,141600142;11,80806624;42,7;1,507906112
Paraguay;AM;8,253968254;-0,172075932;8,289915733;4,342407086;24,76351588;3,147415776
Peru;AM;3,370685025;0,57842809;8,653767252;6,452216002;36,01;2,170882775
Philippines;AS;4,647302905;-0,141741756;7,771427011;3,659755139;29;2,618939233
Poland;EU;4,258333333;2,120557898;9,539006627;5,008511757;61,94999897;1,43937953
Portugal;EU;3,653011004;1,549655981;10,05168085;-1,826852906;55,24999688;1,125023129
Qatar;AS;1,916389889;3,784619686;11,39769307;13,37517641;69;0,091170233
Romania;EU;5,78777738;1,437595685;9,126988961;1,05629446;40,00999678;2,120311261
Russian Federation;EU;8,428175946;2,537445986;9,561847648;4,264176565;49;1,601851768
Rwanda;AF;5,670682731;-2,766619417;6,408368789;7,851934941;7;3,506916647
Sao Tome and Principe;AM;14,32090217;-0,531182669;7,225577481;4,828586114;20,1612;3,200402623
Saudi Arabia;AS;5,823591056;2,894388719;10,05432255;9,95893281;47,5;1,071017647
Senegal;AF;3,403228298;-0,530460211;6,985763474;1,761118048;9,8;2,812448362
Serbia;EU;11,13739763;1,916792456;8,767686004;1,401465736;42,2;2,458368336
Seychelles;AF;2,559267722;1,92215981;9,408296992;7,887279597;43,16400446;1,169808887
Sierra Leone;AF;16,19180806;-1,883584222;6,225080505;6,268629628;0,9;4,040727043
Singapore;AS;5,252918288;1,463292771;10,87981299;6,207448728;71;0,037048436
Slovak Republic;EU;3,919285991;1,851214139;9,805804347;2,841938591;74,43999717;1,477671528
Slovenia;EU;1,810579921;2,01547082;10,12597864;0,64933632;67,33999481;1,189640943
South Africa;AF;4,995510185;2,225471705;8,997322529;3,212451755;33,97;1,257631347
South Asia;AS;9,736687159;0,343240707;7,223262812;6,321693763;9,396049144;3,002781367
Spain;EU;3,196242972;1,756264275;10,36823483;-1,000080488;67,6;1,246878024
Sri Lanka;AS;6,716768436;-0,285696346;8,077494189;8,404738131;15;2,361155497
St. Kitts and Nevis;AM;5,835165196;1,619579153;9,527871694;1,695115944;63,2;1,014622188
St. Lucia;AM;2,769407941;0,819966417;8,881234712;0,701816462;44;1,263177174
St. Vincent and the Grenadines;AM;3,186031116;0,77928972;8,729668329;-0,423644081;43,01;2,136145183
Sudan;AF;22,11212074;-1,051112316;7,375534692;-1,967728979;17,30391318;3,2748205
Suriname;AM;17,71177964;1,294703431;9,041744694;5,267209149;32;2,38268405
Swaziland;AF;6,105198202;-0,145039283;8,317127349;1,327171792;18,13;2,052449175
Sweden;EU;2,961150738;1,708091856;10,99530489;2,664407951;92,76998606;0,967163445
Switzerland;EU;0,23134621;1,531526083;11,38512175;1,804553915;85,19302818;0,546202237
Tajikistan;AS;12,43154904;-1,024578779;6,734853065;7,399999383;13,03;3,339610108
Tanzania;AF;12,69096947;-1,864750248;6,607168837;7,904507572;3,2;3,474716066
Thailand;AS;3,809820409;1,511713001;8,619658506;0,833682448;23,66992562;2,533792844
Timor-Leste;AS;13,49984024;-1,810037009;6,923348991;9,528907923;0,9;2,894428559
Togo;AF;3,572277228;-1,141174479;6,349183926;4,883763946;3,5;3,458235609
Tonga;OC;6,261404365;-0,016574645;8,34917511;2,01912478;25;3,028458296
Trinidad and Tobago;AM;5,099366154;3,614696016;9,813967073;0,006985199;55,2;0,399523807
Tunisia;AF;3,544029353;0,876491397;8,364479222;-2,383918674;39,1;2,312944115
Turkey;AS;6,471879671;1,473427409;9,262784341;8,772746296;43,06571043;2,303344249
Uganda;AF;18,69290448;-2,199247442;6,382557914;9,673224959;13,01354333;3,315325268
Ukraine;EU;7,960094513;1,834555827;8,180252813;5,200000009;28,70826284;2,350628299
United Kingdom;EU;4,484239645;1,958083197;10,62182422;1,972398563;85,37999855;0,522650279
United States;AM;3,156841569;2,834410736;10,81540475;1,601454672;69,72946076;0,861529651
Uruguay;AM;8,093775202;0,831255881;9,558639372;5,162133022;51,40466106;2,408452672
Vanuatu;OC;0,862682908;-0,525489663;8,094080471;1,223225535;9,2;3,282154107
Venezuela, RB;AM;26,09021232;1,858846861;9,283088187;4,176425359;40,22;1,861317196
Vietnam;AS;18,67747712;0,678760979;7,341270243;6,240302749;35,07;3,023724028
Zambia;AF;6,429396811;-1,549050286;7,39973277;5,615583296;11,5;2,448099104
Zimbabwe;AF;3,277509412;-0,368605984;6,644513962;11,90540789;15,7;2,653680498
